Company_name,Skills_requires,More_information
PureTechCodexPrivateLimited,"rest  ,  python  ,  database  ,  django  ,  debugging  ,  mongodb",https://www.timesjobs.com/job-detail/python-pure-tech-codex-private-limited-pune-2-to-3-yrs-jobid-OHwfF0d6EhNzpSvf__PLUS__uAgZw==&source=srp
SuryaInformaticsSolutionsPvt.Ltd.,"python  ,  web technologies  ,  linux  ,  mobile  ,  mysql  ,  angularjs  ,  javascript",https://www.timesjobs.com/job-detail/python-surya-informatics-solutions-pvt-ltd-chennai-0-to-3-yrs-jobid-UVlLes58wutzpSvf__PLUS__uAgZw==&source=srp
IvanInfotechPvt.Ltd.,"rest  ,  python  ,  security  ,  debugging",https://www.timesjobs.com/job-detail/python-developer-ivan-infotech-pvt-ltd-kolkata-2-to-5-yrs-jobid-1h6sLaqbaBZzpSvf__PLUS__uAgZw==&source=srp
AngelandGenie,"python  ,  docker  ,  messaging  ,  python scripting",https://www.timesjobs.com/job-detail/python-developers-angel-and-genie-pune-4-to-7-yrs-jobid-RdTRi__PLUS__3E__SLASH__bpzpSvf__PLUS__uAgZw==&source=srp
hkinfosoft,"python  ,  django  ,    ,   framework",https://www.timesjobs.com/job-detail/python-developer-hk-infosoft-ahmedabad-2-to-3-yrs-jobid-qPkmbRWxs5dzpSvf__PLUS__uAgZw==&source=srp
PerfiosSoftwareSolutionsPvt.Ltd.,"python  ,  java  ,  scala",https://www.timesjobs.com/job-detail/python-developer-perfios-software-solutions-pvt-ltd-bengaluru-bangalore-5-to-8-yrs-jobid-vxzXapFfNqVzpSvf__PLUS__uAgZw==&source=srp
JobsLoConsultants,"python  ,  linux  ,  windows  ,  sql",https://www.timesjobs.com/job-detail/python-developer-jobslo-consultants-indore-2-to-3-yrs-jobid-XP1detWpoa5zpSvf__PLUS__uAgZw==&source=srp
TandAHRSolutions,"python  ,  git  ,  django",https://www.timesjobs.com/job-detail/python-developer-tanda-hr-solutions-gurgaon-chandigarh-4-to-6-yrs-jobid-2OM9xzKEDx5zpSvf__PLUS__uAgZw==&source=srp
LAKSHHUMANRESOURCE,"rest  ,  python  ,  django  ,  git",https://www.timesjobs.com/job-detail/python-developer-laksh-human-resource-mumbai-1-to-3-yrs-jobid-Bo79FYBR7__SLASH__5zpSvf__PLUS__uAgZw==&source=srp
eastindiasecuritiesltd.,"python  ,  hadoop  ,  machine learning",https://www.timesjobs.com/job-detail/python-engineer-east-india-securities-ltd-kolkata-2-to-5-yrs-jobid-KEkE19WqPbFzpSvf__PLUS__uAgZw==&source=srp
TandAHRSolutions,"Python  ,   Django  ,   Flask",https://www.timesjobs.com/job-detail/python-developer-tanda-hr-solutions-mohali-chandigarh-3-to-6-yrs-jobid-hyDozRehVidzpSvf__PLUS__uAgZw==&source=srp
systango,"python  ,  django  ,  javascript  ,  web programming",https://www.timesjobs.com/job-detail/python-developer-systango-indore-5-to-8-yrs-jobid-YtDomXdajg5zpSvf__PLUS__uAgZw==&source=srp
APPLYCUPHIRINGSOLUTIONSLLP,"python   ,  Django  ,   Object Relational Mapper",https://www.timesjobs.com/job-detail/python-developer-applycup-hiring-solutions-llp-surat-3-to-5-yrs-jobid-uj9JLhqjw6dzpSvf__PLUS__uAgZw==&source=srp
AtoZInfowayLLP,"python  ,  django  ,  html5  ,  javascript",https://www.timesjobs.com/job-detail/python-developer-atoz-infoway-llp-surat-2-to-5-yrs-jobid-bqowTHtXWfhzpSvf__PLUS__uAgZw==&source=srp
APPLYCUPHIRINGSOLUTIONSLLP,"python  ,  django  ,  html5  ,  javascript",https://www.timesjobs.com/job-detail/python-developer-applycup-hiring-solutions-llp-gandhinagar-2-to-4-yrs-jobid-t8Ti7DllljpzpSvf__PLUS__uAgZw==&source=srp
APPLYCUPHIRINGSOLUTIONSLLP,"python  ,  django  ,  html5  ,  javascript",https://www.timesjobs.com/job-detail/python-developer-applycup-hiring-solutions-llp-gurgaon-delhi-delhi-ncr-2-to-15-yrs-jobid-FHYQtX1BOyxzpSvf__PLUS__uAgZw==&source=srp
zengatv,"python  ,  django  ,  html5  ,  javascript",https://www.timesjobs.com/job-detail/python-developer-zenga-tv-gurgaon-2-to-5-yrs-jobid-__PLUS__GAu6f5FqwdzpSvf__PLUS__uAgZw==&source=srp
AnanthaCyberTechPvtLimited,"python  ,  c    ,  c  ,  information technology",https://www.timesjobs.com/job-detail/python-developer-anantha-cyber-tech-pvt-limited-hyderabad-secunderabad-3-to-6-yrs-jobid-QF9wZ4AGuzlzpSvf__PLUS__uAgZw==&source=srp
